distance,val_loss,val_accuracy,test_loss,test_accuracy
2.8.14.20.26.32,2.5410666465759277,0.11890000104904175,2.5433616638183594,0.11614999920129776
total time seconds: 400.7799263000488
