epoch,source_val_label_loss,source_val_domain_loss,target_val_label_loss,target_val_domain_loss,source_train_label_loss,source_train_domain_loss,source_val_label_accuracy,target_val_label_accuracy
0,2.7726694674515038,15.0,2.7726694674514976,15.0,2.772956003669717,15.000857191839534,0.06269583333333334,0.06269583333333334
1,2.772621855533562,15.0,2.7726218555335693,15.0,2.7727668074862355,15.000857191839534,0.06201875,0.06201875
2,2.7726006405365275,15.0,2.7726006405365373,15.0,2.7727651188154288,15.000857191839534,0.062397916666666664,0.062397916666666664
3,2.772619310612591,15.0,2.7726193106125905,15.0,2.7727603942629635,15.000857191839534,0.062397916666666664,0.062397916666666664
4,2.7725963960469806,15.0,2.772596396046985,15.0,2.772764796034543,15.000857191839534,0.062397916666666664,0.062397916666666664
