distance,val_loss,val_accuracy,test_loss,test_accuracy
2.8.14.20.26.32,2.772590160369873,0.0625,2.772587776184082,0.0625
total time seconds: 217.52095460891724
