epoch,source_val_label_loss,source_val_domain_loss,target_val_label_loss,target_val_domain_loss,source_train_label_loss,source_train_domain_loss,source_val_label_accuracy,target_val_label_accuracy
0,2.7726020591327747,15.0,2.77260205913279,15.0,2.7727988201682336,15.000214288775554,0.06261666666666667,0.06261666666666667
1,2.772614572399277,15.0,2.772614572399275,15.0,2.772653203067269,15.000214288775554,0.06261666666666667,0.06261666666666667
2,2.7726060128006775,15.0,2.7726060128006864,15.0,2.7726499002617193,15.000214288775554,0.062022916666666664,0.062022916666666664
3,2.772601700016926,15.0,2.7726017000169003,15.0,2.772651573972818,15.000214288775554,0.06264375,0.06264375
4,2.7726041754540507,15.0,2.7726041754540436,15.0,2.7726492912674594,15.000214288775554,0.06274166666666667,0.06274166666666667
