epoch,source_val_label_loss,source_val_domain_loss,target_val_label_loss,target_val_domain_loss,source_train_label_loss,source_train_domain_loss,source_val_label_accuracy,target_val_label_accuracy
0,1.781924164171776,15.0,1.7819241641717782,15.0,2.2879714560385738,15.000214288775554,0.37854375,0.37854375
1,1.489796559853668,15.0,1.4897965598536764,15.0,1.5619018937957256,15.000214288775554,0.42393333333333333,0.42393333333333333
2,1.4241337063073591,15.0,1.424133706307355,15.0,1.456149790028729,15.000214288775554,0.44542291666666667,0.44542291666666667
3,1.4050695223599474,15.0,1.4050695223599463,15.0,1.416589516579014,15.000214288775554,0.44866875,0.44866875
4,1.3856668495512094,15.0,1.3856668495512046,15.0,1.3861914810264748,15.000214288775554,0.45974583333333335,0.45974583333333335
