distance,val_loss,val_accuracy,test_loss,test_accuracy
2.8.14.20.26.32,2.529228448867798,0.1236250028014183,2.5315144062042236,0.12181124836206436
total time seconds: 418.29100370407104
