distance,val_loss,val_accuracy,test_loss,test_accuracy
2.8.14.20.26.32,2.7725894451141357,0.0625,2.772584915161133,0.0625
total time seconds: 220.79336190223694
