distance,val_loss,val_accuracy,test_loss,test_accuracy
2.8.14.20.26.32,2.5217552185058594,0.12653124332427979,2.523458957672119,0.125047504901886
total time seconds: 472.5495915412903
