distance,val_loss,val_accuracy,test_loss,test_accuracy
2.8.14.20.26.32,2.5349667072296143,0.12173125147819519,2.5372328758239746,0.12010250240564346
total time seconds: 1423.2742037773132
