distance,val_loss,val_accuracy,test_loss,test_accuracy
2.8.14.20.26.32,2.772589921951294,0.0625,2.77258563041687,0.0625
total time seconds: 218.75210189819336
