distance,val_loss,val_accuracy,test_loss,test_accuracy
2.8.14.20.26.32,2.772589683532715,0.0625,2.7725884914398193,0.0625
total time seconds: 218.39311599731445
