distance,val_loss,val_accuracy,test_loss,test_accuracy
2.8.14.20.26.32,2.772589683532715,0.0625,2.7725863456726074,0.0625
total time seconds: 217.90416383743286
