epoch,categorical_accuracy,loss,val_categorical_accuracy,val_loss
0,0.06228281185030937,2.7870306968688965,0.0625,2.7725911140441895
1,0.06226374953985214,2.7725718021392822,0.0625,2.7725906372070312
2,0.06253281235694885,2.772570848464966,0.0625,2.772592306137085
3,0.06254468858242035,2.7725605964660645,0.0625,2.7725918292999268
4,0.06244218721985817,2.77256178855896,0.0625,2.772590398788452
