distance,val_loss,val_accuracy,test_loss,test_accuracy
2.8.14.20.26.32,2.7725889682769775,0.0625,2.7725844383239746,0.0625
total time seconds: 567.2779853343964
