epoch,source_val_label_loss,source_val_domain_loss,target_val_label_loss,target_val_domain_loss,source_train_label_loss,source_train_domain_loss,source_val_label_accuracy,target_val_label_accuracy
0,1.895811401893253,15.0,1.8958114018932524,15.0,2.408500148454984,15.001714481655046,0.32543333333333335,0.32543333333333335
1,1.693137666087322,15.0,1.6931376660873165,15.0,1.781517207147208,15.001714481655046,0.36572083333333333,0.36572083333333333
2,1.5765990010226596,15.0,1.5765990010226634,15.0,1.611143102813706,15.001714481655046,0.39920208333333335,0.39920208333333335
3,1.5404039521820923,15.0,1.5404039521820914,15.0,1.551573567857422,15.001714481655046,0.41198541666666666,0.41198541666666666
4,1.5158628226525195,15.0,1.5158628226525206,15.0,1.5283610486973431,15.001714481655046,0.41884166666666667,0.41884166666666667
