epoch,source_val_label_loss,source_val_domain_loss,target_val_label_loss,target_val_domain_loss,source_train_label_loss,source_train_domain_loss,source_val_label_accuracy,target_val_label_accuracy
0,1.8177635780953045,15.0,1.8177635780953054,15.0,2.314587489180421,15.000857191839534,0.3458041666666667,0.3458041666666667
1,1.5697583633110377,15.0,1.5697583633110457,15.0,1.6746034352566876,15.000857191839534,0.4058125,0.4058125
2,1.523999371663331,15.0,1.5239993716633289,15.0,1.5490864405059641,15.000857191839534,0.41868958333333334,0.41868958333333334
3,1.499393447103618,15.0,1.4993934471036212,15.0,1.516713868208431,15.000857191839534,0.426525,0.426525
4,1.4879745817117291,15.0,1.4879745817117318,15.0,1.4997147304506653,15.000857191839534,0.42772083333333333,0.42772083333333333
