epoch,source_val_label_loss,source_val_domain_loss,target_val_label_loss,target_val_domain_loss,source_train_label_loss,source_train_domain_loss,source_val_label_accuracy,target_val_label_accuracy
0,2.772688366303591,15.0,2.7726876741157094,15.0,2.77365052595736,15.003429355281208,0.06261666666666667,0.06261666666666667
1,2.7726042910488906,15.0,2.7726042368697486,15.0,2.773257052911057,15.003429355281208,0.06261666666666667,0.06261666666666667
2,2.772600687335215,15.0,2.7726012792660275,15.0,2.7732489211061453,15.003429355281208,0.06231875,0.06231875
3,2.7725933890039696,15.0,2.772593522111996,15.0,2.773249138365127,15.003429355281208,0.06264375,0.06264375
4,2.772605121149171,15.0,2.7726048591787715,15.0,2.7732478150607314,15.003429355281208,0.06256041666666666,0.06256041666666666
