distance,val_loss,val_accuracy,test_loss,test_accuracy
2.8.14.20.26.32,2.5394527912139893,0.11876250058412552,2.5412135124206543,0.11678750067949295
total time seconds: 518.4141891002655
