distance,val_loss,val_accuracy,test_loss,test_accuracy
2.8.14.20.26.32,2.7725908756256104,0.0625,2.772587299346924,0.0625
total time seconds: 219.78502488136292
