epoch,source_val_label_loss,source_val_domain_loss,target_val_label_loss,target_val_domain_loss,source_train_label_loss,source_train_domain_loss,source_val_label_accuracy,target_val_label_accuracy
0,2.772600062198593,15.0,2.7726006715544327,15.0,2.7735374948803386,15.003429355281208,0.06300416666666667,0.06300416666666667
1,2.1849969951973853,15.0,2.1849753847766444,15.0,2.631316833181127,15.003429355281208,0.2546104166666667,0.2546104166666667
2,1.9350451239680309,15.0,1.9350028470633742,15.0,2.0198763349725066,15.003429355281208,0.32027083333333334,0.32027083333333334
3,1.8789938467003955,15.0,1.87895102774692,15.0,1.9103349377175853,15.003429355281208,0.3267979166666667,0.3267979166666667
4,1.8326581127541413,15.0,1.8325303821925296,15.0,1.859275059897994,15.003429355281208,0.33452291666666667,0.33452291666666667
