epoch,source_val_label_loss,source_val_domain_loss,target_val_label_loss,target_val_domain_loss,source_train_label_loss,source_train_domain_loss,source_val_label_accuracy,target_val_label_accuracy
0,2.7725996820524355,15.0,2.772599682052437,15.0,2.7731955576267633,15.001714481655046,0.06273333333333334,0.06273333333333334
1,2.384879403590184,15.0,2.384879403590186,15.0,2.699425588043993,15.001714481655046,0.18910833333333332,0.18910833333333332
2,1.9883218878412081,15.0,1.988321887841209,15.0,2.133756692327007,15.001714481655046,0.2950625,0.2950625
3,1.8796907439552806,15.0,1.8796907439552764,15.0,1.9244970177762337,15.001714481655046,0.33485625,0.33485625
4,1.8403959427368355,15.0,1.8403959427368384,15.0,1.847522136952411,15.001714481655046,0.35639583333333336,0.35639583333333336
