distance,val_loss,val_accuracy,test_loss,test_accuracy
2.8.14.20.26.32,2.772589921951294,0.0625,2.7725887298583984,0.0625
total time seconds: 214.72308945655823
