epoch,source_val_label_loss,source_val_domain_loss,target_val_label_loss,target_val_domain_loss,source_train_label_loss,source_train_domain_loss,source_val_label_accuracy,target_val_label_accuracy
0,1.813558768474596,15.0,1.8135587684745982,15.0,2.2358494623294844,15.000857191839534,0.34456875,0.34456875
1,1.540739706916799,15.0,1.540739706916802,15.0,1.6134566264034953,15.000857191839534,0.4145979166666667,0.4145979166666667
2,1.506614193857387,15.0,1.5066141938573843,15.0,1.5305088286868966,15.000857191839534,0.42074791666666667,0.42074791666666667
3,1.5198951847503182,15.0,1.5198951847503166,15.0,1.5075916033069003,15.000857191839534,0.41121458333333333,0.41121458333333333
4,1.5398613088988367,15.0,1.5398613088988369,15.0,1.4941403401204003,15.000857191839534,0.40539583333333334,0.40539583333333334
