epoch,categorical_accuracy,loss,val_categorical_accuracy,val_loss
0,0.06246718764305115,2.7877326011657715,0.0625,2.7725918292999268
1,0.062341563403606415,2.7725613117218018,0.0625,2.7725913524627686
2,0.062287189066410065,2.7725558280944824,0.0625,2.772590160369873
3,0.06253937631845474,2.7725656032562256,0.0625,2.7725918292999268
4,0.06263812631368637,2.772573471069336,0.0625,2.7725911140441895
